{"min": [-0.522677, -0.746375, -0.948698], "max": [0.502285, 0.76539, 0.667182]}