{"min": [-0.908077, -0.32619, -0.582304], "max": [0.901081, 0.507634, 0.634301]}