{"min": [-0.311899, -0.680038, -0.866592], "max": [0.30696, 0.741667, 0.739097]}