{"min": [-1.012054, -0.025924, -0.487872], "max": [0.596837, 0.026597, 0.441846]}