{"min": [-0.557643, -0.368836, -0.850167], "max": [0.584201, 0.525641, 0.986247]}