{"min": [-0.579779, -0.52941, -0.586145], "max": [0.558064, 1.008731, 0.551411]}