{"min": [-0.462566, -0.497891, -0.471851], "max": [0.504649, 1.003098, 0.479029]}