{"min": [-0.256442, -0.837097, -0.255704], "max": [0.270453, 0.997018, 0.270788]}