{"min": [-0.883038, -0.446146, -0.042529], "max": [0.879115, 0.483292, 0.045583]}