{"min": [-0.058483, -0.859023, -0.063304], "max": [0.055921, 0.999786, 0.116209]}