{"min": [-0.572745, -0.84272, -0.58341], "max": [0.547036, 0.744579, 0.877208]}